2025-09-21T13:01:39.323117	demo	500	1	explicit
2025-09-21T13:01:41.302450	demo	1780	-1	explicit
2025-09-21T13:01:42.531741	demo	679	-1	explicit
2025-09-21T13:01:43.801408	demo	1591	1	explicit
2025-09-21T13:01:44.877761	demo	44	1	explicit
2025-09-21T13:01:46.905549	demo	1698	1	explicit
2025-09-21T13:01:48.384222	demo	1366	1	explicit
2025-09-21T13:01:50.031349	demo	763	-1	explicit
2025-09-21T13:01:51.255295	demo	1635	-1	explicit
2025-09-21T13:01:52.725667	demo	1484	-1	explicit
2025-09-21T13:01:54.169405	demo	1032	1	explicit
2025-09-21T13:01:55.704202	demo	1784	-1	explicit
2025-09-21T13:01:56.982723	demo	824	-1	explicit
2025-09-21T13:01:58.183642	demo	1722	1	explicit
2025-09-21T13:01:59.530823	demo	529	1	explicit
2025-09-21T13:02:00.517779	demo	40	1	explicit
2025-09-21T13:02:01.579598	demo	743	1	explicit
2025-09-21T13:02:03.219327	demo	182	1	explicit
2025-09-21T13:02:04.587138	demo	975	1	explicit
2025-09-21T13:02:13.561007	demo	1223	1	explicit
2025-09-21T13:02:15.927694	demo	1674	1	explicit
2025-09-21T13:02:16.990977	demo	1793	1	explicit
2025-09-21T13:02:18.268221	demo	1456	1	explicit
2025-09-21T13:02:19.546791	demo	384	1	explicit
2025-09-21T13:02:21.977433	demo	1088	-1	explicit
2025-09-21T13:02:24.041237	demo	656	1	explicit
2025-09-21T13:02:25.657612	demo	1800	1	explicit
2025-09-21T13:02:27.206313	demo	442	1	explicit
2025-09-21T13:02:28.206046	demo	608	1	explicit
2025-09-21T13:02:29.706888	demo	436	1	explicit
2025-09-21T13:02:31.692725	demo	27	1	explicit
2025-09-21T13:02:33.208653	demo	108	-1	explicit
2025-09-21T13:02:36.652021	demo	725	1	explicit
2025-09-21T13:02:58.243447	demo	574	1	explicit
2025-09-21T13:02:59.611235	demo	67	1	explicit
2025-09-21T13:03:00.645985	demo	1330	-1	explicit
2025-09-21T13:03:01.989575	demo	1914	1	explicit
2025-09-21T13:03:03.091454	demo	1671	1	explicit
2025-09-21T13:03:04.017541	demo	1271	1	explicit
2025-09-21T13:03:05.639152	demo	1365	-1	explicit
2025-09-21T13:03:06.688315	demo	698	-1	explicit
2025-09-21T13:03:07.583893	demo	1266	1	explicit
2025-09-21T13:03:09.104910	demo	31	-1	explicit
2025-09-21T13:03:10.669277	demo	1128	-1	explicit
2025-09-21T13:03:11.598101	demo	1293	1	explicit
2025-09-21T13:03:12.757631	demo	521	-1	explicit
2025-09-21T13:03:14.021814	demo	85	-1	explicit
2025-09-21T13:03:15.139910	demo	1194	-1	explicit
2025-09-21T13:03:16.599953	demo	995	-1	explicit
2025-09-21T13:03:17.917965	demo	623	1	explicit
2025-09-21T13:03:19.342192	demo	1662	-1	explicit
2025-09-21T13:03:20.530185	demo	1318	-1	explicit
2025-09-21T13:03:21.515592	demo	202	1	explicit
2025-09-21T13:03:22.571283	demo	428	1	explicit
2025-09-21T13:03:24.532022	demo	1743	1	explicit
2025-09-21T13:03:25.487972	demo	748	-1	explicit
2025-09-21T13:03:26.425994	demo	1302	1	explicit
2025-09-21T13:03:27.420141	demo	1811	-1	explicit
2025-09-21T13:03:28.418409	demo	29	-1	explicit
2025-09-21T13:03:29.417311	demo	1770	-1	explicit
2025-09-21T13:07:56.638187	demo	132	1	explicit
2025-09-21T13:08:13.083762	demo	536	1	explicit
2025-09-21T13:08:14.374581	demo	193	1	explicit
2025-09-21T13:08:15.340264	demo	714	1	explicit
2025-09-21T13:08:16.556989	demo	124	-1	explicit
2025-09-21T13:08:17.667704	demo	1263	-1	explicit
2025-09-21T13:08:18.764544	demo	1696	1	explicit
2025-09-21T13:08:19.819927	demo	1659	-1	explicit
2025-09-21T13:08:20.784649	demo	889	1	explicit
2025-09-21T13:08:22.097347	demo	1715	1	explicit
2025-09-21T13:08:23.174152	demo	639	-1	explicit
2025-09-21T13:08:24.223251	demo	1529	-1	explicit
2025-09-21T13:08:27.750251	demo	69	-1	explicit
2025-09-21T13:08:28.890163	demo	687	-1	explicit
2025-09-21T13:08:31.125217	demo	1055	-1	explicit
2025-09-21T13:08:33.287012	demo	1536	-1	explicit
2025-09-21T13:08:34.466784	demo	507	-1	explicit
2025-09-21T13:08:35.848659	demo	275	-1	explicit
2025-09-21T13:08:37.877604	demo	74	1	explicit
2025-09-21T13:08:38.918236	demo	922	-1	explicit
2025-09-21T13:08:40.357577	demo	1067	1	explicit
2025-09-21T13:08:41.515994	demo	721	-1	explicit
2025-09-21T13:08:42.612737	demo	1801	1	explicit
2025-09-21T13:08:43.759625	demo	1305	-1	explicit
2025-09-21T13:08:44.885072	demo	486	-1	explicit
2025-09-21T13:08:45.953651	demo	1790	-1	explicit
2025-09-21T13:08:47.363123	demo	532	-1	explicit
2025-09-21T13:08:48.537051	demo	760	1	explicit
2025-09-21T13:08:49.551041	demo	1103	-1	explicit
2025-09-21T13:08:51.981947	demo	201	-1	explicit
2025-09-21T13:08:52.981744	demo	1023	-1	explicit
2025-09-21T13:08:54.037365	demo	255	1	explicit
2025-09-21T13:08:56.127317	demo	1879	-1	explicit
2025-09-21T13:08:58.877654	demo	1961	-1	explicit
2025-09-21T13:09:00.114501	demo	1054	-1	explicit
2025-09-21T13:09:01.371337	demo	471	-1	explicit
2025-09-21T13:09:02.753507	demo	1116	-1	explicit
2025-09-21T13:09:03.913671	demo	1229	-1	explicit
2025-09-21T13:09:05.336349	demo	1152	-1	explicit
2025-09-21T13:09:08.177872	demo	1189	-1	explicit
2025-09-21T13:09:09.822386	demo	603	-1	explicit
2025-09-21T13:09:13.914387	demo	1124	-1	explicit
2025-09-21T13:09:15.038583	demo	921	-1	explicit
2025-09-21T13:09:16.253707	demo	513	-1	explicit
2025-09-21T13:09:17.337244	demo	131	1	explicit
2025-09-21T13:09:18.383317	demo	820	-1	explicit
2025-09-21T13:09:19.505063	demo	1461	-1	explicit
2025-09-21T13:09:25.504638	demo	128	-1	explicit
2025-09-21T13:09:27.747838	demo	321	1	explicit
2025-09-21T13:09:28.835650	demo	2016	-1	explicit
2025-09-21T13:09:30.074668	demo	1550	-1	explicit
2025-09-21T13:09:38.142692	demo	1864	-1	explicit
2025-09-21T13:09:45.390833	demo	660	-1	explicit
2025-09-21T13:09:46.887799	demo	720	-1	explicit
2025-09-21T13:09:48.187465	demo	786	1	explicit
2025-09-21T13:09:49.994855	demo	972	-1	explicit
2025-09-21T13:09:51.110456	demo	651	-1	explicit
2025-09-21T13:09:52.131817	demo	1513	-1	explicit
2025-09-21T13:09:53.284649	demo	197	1	explicit
2025-09-21T13:09:54.513831	demo	413	-1	explicit
2025-09-21T13:09:55.480644	demo	82	-1	explicit
2025-09-21T13:09:56.485177	demo	744	-1	explicit
2025-09-21T13:09:58.896983	demo	1492	-1	explicit
2025-09-21T13:10:10.363000	demo	416	-1	explicit
2025-09-21T13:13:27.744389	demo	1739	1	explicit
2025-09-21T13:13:29.034533	demo	1034	-1	explicit
2025-09-21T13:13:33.846361	demo	377	1	explicit
2025-09-21T13:13:35.514453	demo	2009	1	explicit
2025-09-21T13:13:36.854448	demo	1467	-1	explicit
2025-09-21T13:13:38.437987	demo	1061	-1	explicit
2025-09-21T13:13:40.374804	demo	1418	1	explicit
2025-09-21T13:13:41.805009	demo	710	-1	explicit
2025-09-21T13:13:44.638605	demo	1570	1	explicit
2025-09-21T13:13:46.585270	demo	693	-1	explicit
2025-09-21T13:13:47.852107	demo	122	-1	explicit
2025-09-21T13:13:49.188010	demo	472	-1	explicit
2025-09-21T13:13:50.716910	demo	175	-1	explicit
2025-09-21T13:13:52.417110	demo	1014	1	explicit
2025-09-21T13:13:54.682123	demo	209	-1	explicit
2025-09-21T13:14:02.265609	demo	828	-1	explicit
2025-09-21T13:15:57.239107	demo	1317	-1	explicit
2025-09-21T13:15:58.948192	demo	497	1	explicit
2025-09-21T13:16:01.571737	demo	1144	-1	explicit
2025-09-21T13:16:04.488375	demo	1028	-1	explicit
2025-09-21T13:16:05.858412	demo	1272	-1	explicit
2025-09-21T13:16:08.572064	demo	406	1	explicit
2025-09-21T13:16:09.794983	demo	1215	-1	explicit
2025-09-21T13:16:11.129062	demo	822	-1	explicit
2025-09-21T13:16:12.793059	demo	47	-1	explicit
2025-09-21T13:16:16.544496	demo	363	1	explicit
2025-09-21T13:16:17.704057	demo	1576	-1	explicit
2025-09-21T13:16:31.226217	demo	2044	-1	explicit
2025-09-21T13:16:32.664357	demo	560	1	explicit
2025-09-21T13:16:34.068170	demo	93	1	explicit
2025-09-21T13:16:35.434728	demo	1913	1	explicit
2025-09-21T13:16:36.754267	demo	405	1	explicit
2025-09-21T13:16:38.338392	demo	1939	-1	explicit
2025-09-21T13:16:39.553267	demo	907	-1	explicit
2025-09-21T13:16:40.796477	demo	953	-1	explicit
2025-09-21T13:16:42.494263	demo	1024	-1	explicit
2025-09-21T13:16:43.713995	demo	539	1	explicit
2025-09-21T13:16:44.619760	demo	1701	1	explicit
2025-09-21T13:16:45.692632	demo	581	1	explicit
2025-09-21T13:16:46.679035	demo	1237	1	explicit
2025-09-21T13:16:47.637257	demo	317	1	explicit
2025-09-21T13:16:48.769532	demo	957	-1	explicit
2025-09-21T13:16:50.097970	demo	670	-1	explicit
2025-09-21T13:16:51.457149	demo	75	-1	explicit
2025-09-21T13:16:53.624042	demo	304	-1	explicit
2025-09-21T13:16:56.062318	demo	1568	-1	explicit
2025-09-21T13:16:57.054095	demo	421	1	explicit
2025-09-21T13:16:57.998505	demo	295	1	explicit
2025-09-21T13:16:59.019697	demo	1148	1	explicit
2025-09-21T13:17:00.138180	demo	183	-1	explicit
2025-09-21T13:17:00.992042	demo	1080	1	explicit
2025-09-21T13:17:02.346974	demo	652	-1	explicit
2025-09-21T13:17:03.374726	demo	314	1	explicit
2025-09-21T13:17:12.625694	demo	1202	-1	explicit
2025-09-21T13:17:35.709422	demo	864	-1	explicit
2025-09-21T13:17:37.702447	demo	1114	1	explicit
2025-09-21T13:17:38.982333	demo	1226	1	explicit
2025-09-21T13:17:39.987348	demo	1847	-1	explicit
2025-09-21T13:17:42.260233	demo	1483	1	explicit
2025-09-21T13:17:43.313974	demo	1251	-1	explicit
2025-09-21T13:17:45.216869	demo	1585	-1	explicit
2025-09-21T13:18:06.517578	demo	1185	-1	explicit
2025-09-21T13:18:08.406637	demo	637	-1	explicit
2025-09-21T13:18:51.062405	demo	1706	1	explicit
2025-09-21T13:18:51.984898	demo	212	-1	explicit
2025-09-21T13:18:52.769408	demo	1673	-1	explicit
2025-09-21T13:18:53.499290	demo	1984	1	explicit
2025-09-21T13:18:55.388890	demo	1757	1	explicit
2025-09-21T13:18:56.728693	demo	20	1	explicit
2025-09-21T13:18:57.763351	demo	1798	1	explicit
2025-09-21T13:18:58.777502	demo	1828	1	explicit
2025-09-21T13:18:59.715118	demo	2046	-1	explicit
2025-09-21T13:19:00.798053	demo	739	-1	explicit
2025-09-21T13:19:01.735901	demo	1364	-1	explicit
2025-09-21T13:25:19.851348	demo	1411	1	explicit
2025-09-21T13:25:22.913787	demo	1974	1	explicit
2025-09-21T13:25:24.163201	demo	798	1	explicit
2025-09-21T13:25:25.455041	demo	641	-1	explicit
2025-09-21T13:25:28.331691	demo	1254	-1	explicit
2025-09-21T13:25:30.608189	demo	1677	1	explicit
2025-09-21T13:25:32.636123	demo	1714	1	explicit
2025-09-21T13:25:33.817304	demo	1516	-1	explicit
2025-09-21T13:26:08.603725	demo	1729	1	explicit
2025-09-21T13:26:09.895818	demo	1895	-1	explicit
2025-09-21T13:26:11.437938	demo	2004	-1	explicit
2025-09-21T13:26:15.625167	demo	750	-1	explicit
2025-09-21T13:26:16.833316	demo	351	-1	explicit
2025-09-21T13:26:18.226149	demo	778	1	explicit
2025-09-21T13:26:19.486534	demo	931	-1	explicit
2025-09-21T13:26:20.473529	demo	1448	1	explicit
2025-09-21T13:26:21.771144	demo	296	-1	explicit
2025-09-21T13:26:22.765204	demo	220	1	explicit
2025-09-21T13:26:23.820244	demo	1628	-1	explicit
2025-09-21T13:26:25.694903	demo	575	1	explicit
2025-09-21T13:26:26.855575	demo	681	-1	explicit
2025-09-21T13:26:28.086508	demo	1453	-1	explicit
2025-09-21T13:26:30.105631	demo	1795	-1	explicit
2025-09-21T13:26:31.966721	demo	366	-1	explicit
2025-09-21T13:26:33.642203	demo	1763	-1	explicit
2025-09-21T13:26:34.806905	demo	1149	1	explicit
2025-09-21T13:26:36.779283	demo	850	1	explicit
2025-09-21T13:26:37.898076	demo	538	1	explicit
2025-09-21T13:26:38.974455	demo	189	-1	explicit
2025-09-21T13:27:58.653858	demo	1551	1	explicit
2025-09-21T13:27:59.828440	demo	1998	1	explicit
2025-09-21T13:28:01.618505	demo	1098	-1	explicit
2025-09-21T13:28:02.729058	demo	665	-1	explicit
2025-09-21T13:28:15.009277	demo	99	1	explicit
2025-09-21T13:28:16.396904	demo	1848	1	explicit
2025-09-21T13:28:17.987676	demo	920	-1	explicit
2025-09-21T13:28:18.994682	demo	268	1	explicit
2025-09-21T13:28:20.063959	demo	1443	1	explicit
2025-09-21T13:28:21.507830	demo	326	1	explicit
2025-09-21T13:28:22.661960	demo	1556	-1	explicit
2025-09-21T13:28:24.314021	demo	1652	-1	explicit
2025-09-21T13:28:25.383475	demo	1604	1	explicit
2025-09-21T13:28:26.242284	demo	36	1	explicit
2025-09-21T13:28:27.592062	demo	586	1	explicit
2025-09-21T13:28:28.786347	demo	227	-1	explicit
2025-09-21T13:28:30.203395	demo	1645	-1	explicit
2025-09-21T13:28:31.473843	demo	1108	1	explicit
2025-09-21T13:28:35.885262	demo	1340	1	explicit
2025-09-21T13:28:37.133957	demo	723	-1	explicit
2025-09-21T13:28:39.043853	demo	445	-1	explicit
2025-09-21T13:28:45.412294	demo	1283	-1	explicit
2025-09-21T13:28:46.912472	demo	808	1	explicit
2025-09-21T13:28:48.009654	demo	312	-1	explicit
2025-09-21T13:28:49.211588	demo	1314	-1	explicit
2025-09-21T13:28:50.413202	demo	1734	-1	explicit
2025-09-21T13:28:51.532973	demo	1969	1	explicit
2025-09-21T13:28:52.656918	demo	60	1	explicit
2025-09-21T13:28:53.732695	demo	719	1	explicit
2025-09-21T13:28:55.503415	demo	144	-1	explicit
2025-09-21T13:29:37.880909	demo	1561	-1	explicit
2025-09-21T13:29:40.062807	demo	1889	1	explicit
2025-09-21T13:29:41.422865	demo	1253	1	explicit
2025-09-21T13:29:44.728457	demo	424	-1	explicit
2025-09-21T13:29:46.244637	demo	937	1	explicit
2025-09-21T13:29:47.493311	demo	1100	-1	explicit
2025-09-21T13:29:48.680827	demo	361	-1	explicit
2025-09-21T13:29:50.652230	demo	730	-1	explicit
2025-09-21T13:29:52.145740	demo	1629	-1	explicit
2025-09-21T13:29:53.368045	demo	174	-1	explicit
2025-09-21T13:29:54.604609	demo	1199	-1	explicit
2025-09-21T13:29:57.085675	demo	846	-1	explicit
2025-09-21T13:29:58.256893	demo	645	-1	explicit
2025-09-21T13:29:59.542097	demo	313	-1	explicit
2025-09-21T13:30:00.730469	demo	566	-1	explicit
2025-09-21T13:30:01.916820	demo	194	-1	explicit
2025-09-21T13:30:03.257725	demo	1746	-1	explicit
2025-09-21T13:30:05.125383	demo	1667	-1	explicit
2025-09-21T13:30:08.147558	demo	1380	-1	explicit
2025-09-21T13:30:09.445483	demo	1897	-1	explicit
2025-09-21T13:30:10.522019	demo	1308	-1	explicit
2025-09-21T13:30:11.883274	demo	1408	1	explicit
2025-09-21T13:30:13.106008	demo	1690	1	explicit
2025-09-21T13:30:14.487086	demo	1207	1	explicit
2025-09-21T13:30:17.015671	demo	1731	1	explicit
2025-09-21T13:30:18.175491	demo	1466	1	explicit
2025-09-21T13:30:19.744525	demo	226	-1	explicit
2025-09-21T13:30:21.571734	demo	1952	-1	explicit
2025-09-21T13:34:12.051506	demo	392	1	explicit
2025-09-21T13:34:13.183488	demo	258	-1	explicit
2025-09-21T13:34:14.280038	demo	940	1	explicit
2025-09-21T13:34:15.322038	demo	1592	-1	explicit
2025-09-21T13:34:16.960752	demo	833	1	explicit
2025-09-21T13:34:18.510908	demo	138	-1	explicit
2025-09-21T13:34:19.621080	demo	1162	1	explicit
2025-09-21T13:34:20.621508	demo	1853	-1	explicit
2025-09-21T13:34:22.386124	demo	1175	-1	explicit
2025-09-21T13:34:23.441076	demo	1814	1	explicit
2025-09-21T13:34:24.350003	demo	247	1	explicit
2025-09-21T13:34:25.357206	demo	1243	-1	explicit
2025-09-21T13:34:26.232837	demo	727	1	explicit
2025-09-21T13:34:27.163437	demo	506	1	explicit
2025-09-21T13:34:28.031181	demo	771	-1	explicit
2025-09-21T13:34:29.447147	demo	288	-1	explicit
2025-09-21T13:34:30.274133	demo	45	1	explicit
2025-09-21T13:34:31.531613	demo	1856	-1	explicit
2025-09-21T13:34:32.503661	demo	1452	-1	explicit
2025-09-21T13:34:33.420015	demo	267	1	explicit
2025-09-21T13:34:34.316128	demo	1327	1	explicit
2025-09-21T13:34:35.684893	demo	280	-1	explicit
2025-09-21T13:34:37.643226	demo	5	-1	explicit
2025-09-21T13:34:38.652765	demo	230	-1	explicit
2025-09-21T13:34:39.781988	demo	682	-1	explicit
2025-09-21T13:34:41.476988	demo	2027	-1	explicit
2025-09-21T13:34:42.352023	demo	1274	1	explicit
2025-09-21T13:34:43.595024	demo	729	-1	explicit
2025-09-21T13:34:44.622571	demo	1545	-1	explicit
2025-09-21T13:34:45.566630	demo	952	1	explicit
2025-09-21T13:34:52.227839	demo	1020	1	explicit
2025-09-21T13:37:02.650038	demo	120	1	explicit
2025-09-21T13:37:06.354140	demo	548	-1	explicit
2025-09-21T13:37:09.187122	demo	1775	1	explicit
2025-09-21T13:37:11.077028	demo	1600	1	explicit
2025-09-21T13:37:12.272573	demo	1005	-1	explicit
2025-09-21T13:37:13.353907	demo	1909	-1	explicit
2025-09-21T13:37:14.590371	demo	1356	-1	explicit
2025-09-21T13:37:17.000631	demo	22	1	explicit
2025-09-21T13:37:18.188129	demo	1640	1	explicit
2025-09-21T13:37:19.778350	demo	1827	1	explicit
2025-09-21T13:37:20.965655	demo	1396	1	explicit
2025-09-21T13:37:22.125739	demo	703	1	explicit
2025-09-21T13:37:23.168080	demo	177	-1	explicit
2025-09-21T13:37:24.348234	demo	1485	1	explicit
2025-09-21T13:37:26.243806	demo	1994	1	explicit
2025-09-21T13:37:28.491466	demo	229	-1	explicit
2025-09-21T13:37:33.522134	demo	9	-1	explicit
2025-09-21T13:37:36.445544	demo	1813	1	explicit
2025-09-21T13:37:43.196246	demo	518	1	explicit
2025-09-21T13:37:44.478516	demo	634	-1	explicit
2025-09-21T13:37:45.731138	demo	610	-1	explicit
2025-09-21T13:37:46.849162	demo	345	1	explicit
2025-09-21T13:37:47.926207	demo	98	1	explicit
2025-09-21T13:37:49.293573	demo	1633	1	explicit
2025-09-21T13:37:50.342441	demo	89	1	explicit
2025-09-21T13:37:51.279841	demo	1514	1	explicit
2025-09-21T13:37:52.238397	demo	782	1	explicit
2025-09-21T13:37:53.261536	demo	134	-1	explicit
2025-09-21T13:37:54.304394	demo	515	-1	explicit
2025-09-21T13:37:57.933621	demo	874	-1	explicit
2025-09-21T13:37:58.954121	demo	1693	-1	explicit
2025-09-21T13:38:00.231844	demo	291	-1	explicit
2025-09-21T13:38:01.850492	demo	707	-1	explicit
2025-09-21T13:38:02.982839	demo	116	-1	explicit
2025-09-21T13:38:04.634685	demo	1196	-1	explicit
2025-09-21T13:38:06.037970	demo	1139	1	explicit
2025-09-21T13:38:07.240771	demo	1883	-1	explicit
2025-09-21T13:38:09.391800	demo	949	-1	explicit
2025-09-21T13:38:10.761551	demo	121	-1	explicit
2025-09-21T13:38:12.157119	demo	1938	1	explicit
2025-09-21T13:38:13.295605	demo	322	-1	explicit
2025-09-21T13:38:14.226071	demo	1311	-1	explicit
2025-09-21T13:38:15.267597	demo	88	-1	explicit
2025-09-21T13:38:30.797410	demo	938	-1	explicit
2025-09-21T13:38:31.838600	demo	1679	-1	explicit
2025-09-21T13:38:32.894299	demo	2001	1	explicit
2025-09-21T13:38:33.900506	demo	811	-1	explicit
2025-09-21T13:38:36.617500	demo	1966	-1	explicit
2025-09-21T13:38:37.756174	demo	1264	-1	explicit
2025-09-21T13:38:38.935750	demo	1511	-1	explicit
2025-09-21T13:38:40.854459	demo	943	-1	explicit
2025-09-21T13:38:48.263150	demo	596	-1	explicit
2025-09-21T13:38:49.534596	demo	677	-1	explicit
2025-09-21T13:38:50.562295	demo	510	-1	explicit
2025-09-21T13:38:51.521882	demo	1647	-1	explicit
2025-09-21T13:38:52.913018	demo	19	-1	explicit
2025-09-21T13:38:53.762973	demo	1197	1	explicit
2025-09-21T13:38:54.561847	demo	1475	1	explicit
2025-09-21T13:38:55.729479	demo	624	-1	explicit
2025-09-21T13:38:57.013546	demo	1842	-1	explicit
2025-09-21T13:38:58.090780	demo	1504	1	explicit
2025-09-21T13:38:58.951509	demo	343	-1	explicit
2025-09-21T13:39:00.409502	demo	542	-1	explicit
2025-09-21T13:39:01.430952	demo	111	-1	explicit
2025-09-21T13:39:02.910540	demo	1440	-1	explicit
2025-09-21T13:39:05.229408	demo	595	-1	explicit
2025-09-21T13:39:06.396430	demo	869	-1	explicit
2025-09-21T13:39:31.203374	demo	1836	1	explicit
2025-09-21T13:39:33.599882	demo	964	-1	explicit
2025-09-21T13:39:34.801058	demo	764	1	explicit
2025-09-21T13:39:36.210187	demo	1546	-1	explicit
2025-09-21T13:39:37.186638	demo	777	1	explicit
2025-09-21T13:39:38.891502	demo	429	1	explicit
2025-09-21T13:39:39.842680	demo	1603	-1	explicit
2025-09-21T13:39:41.057741	demo	562	-1	explicit
2025-09-21T13:39:42.252882	demo	1303	-1	explicit
2025-09-21T13:39:43.529834	demo	1068	1	explicit
2025-09-21T13:39:45.432856	demo	283	1	explicit
2025-09-21T13:39:46.599493	demo	464	-1	explicit
2025-09-21T13:39:47.752377	demo	520	-1	explicit
2025-09-21T13:39:49.155210	demo	1875	1	explicit
2025-09-21T13:39:50.114297	demo	1017	-1	explicit
2025-09-21T13:39:51.231968	demo	573	-1	explicit
2025-09-21T13:39:52.308435	demo	2042	-1	explicit
2025-09-21T13:39:53.398567	demo	1047	-1	explicit
2025-09-21T13:39:54.614246	demo	1530	1	explicit
2025-09-21T13:39:55.983437	demo	358	-1	explicit
2025-09-21T13:39:57.885274	demo	2018	-1	explicit
2025-09-21T13:39:58.926920	demo	1198	-1	explicit
2025-09-21T13:40:00.100398	demo	840	1	explicit
2025-09-21T13:40:01.121495	demo	103	-1	explicit
2025-09-21T13:40:02.253795	demo	605	-1	explicit
2025-09-21T13:40:03.906444	demo	956	-1	explicit
2025-09-21T13:40:05.100888	demo	1478	-1	explicit
2025-09-21T13:40:06.219221	demo	481	-1	explicit
2025-09-21T13:40:07.296139	demo	978	-1	explicit
2025-09-21T13:40:08.399816	demo	1416	1	explicit
2025-09-21T13:40:09.705545	demo	802	1	explicit
2025-09-21T13:40:10.969660	demo	53	-1	explicit
2025-09-21T13:40:13.615357	demo	1127	-1	explicit
2025-09-21T13:40:14.754248	demo	157	-1	explicit
2025-09-21T13:40:16.394551	demo	441	-1	explicit
2025-09-21T13:40:17.568538	demo	1391	-1	explicit
2025-09-21T13:40:19.727754	demo	1988	-1	explicit
2025-09-21T13:40:20.720564	demo	277	-1	explicit
2025-09-21T13:40:21.831502	demo	1405	-1	explicit
2025-09-21T13:40:22.886559	demo	859	-1	explicit
2025-09-21T13:40:23.928870	demo	751	1	explicit
2025-09-21T13:40:25.088515	demo	37	-1	explicit
2025-09-21T13:40:26.131512	demo	1637	-1	explicit
2025-09-21T13:40:27.756431	demo	188	-1	explicit
2025-09-21T13:40:28.797495	demo	1414	-1	explicit
2025-09-21T13:40:30.046069	demo	1369	-1	explicit
2025-09-21T13:40:31.130467	demo	2029	1	explicit
2025-09-21T13:40:32.109749	demo	1065	1	explicit
2025-09-21T13:40:33.186056	demo	1588	-1	explicit
2025-09-21T13:40:34.179300	demo	1540	1	explicit
2025-09-21T13:40:35.051554	demo	1240	-1	explicit
2025-09-21T13:40:36.082354	demo	1290	-1	explicit
2025-09-21T13:40:37.147024	demo	1176	-1	explicit
2025-09-21T13:40:38.207451	demo	56	1	explicit
2025-09-21T13:40:39.290664	demo	511	1	explicit
2025-09-21T13:40:40.214024	demo	556	1	explicit
2025-09-21T13:40:41.186328	demo	1486	1	explicit
2025-09-21T13:40:42.246026	demo	221	-1	explicit
2025-09-21T13:40:43.248815	demo	742	-1	explicit
2025-09-21T13:40:44.269902	demo	1745	-1	explicit
2025-09-21T13:40:46.131168	demo	1606	-1	explicit
2025-09-21T13:40:47.339622	demo	704	1	explicit
2025-09-21T13:40:48.201021	demo	1737	-1	explicit
2025-09-21T13:40:49.201243	demo	293	-1	explicit
2025-09-21T13:40:50.138318	demo	709	1	explicit
2025-09-21T13:40:51.360583	demo	1395	-1	explicit
2025-09-21T13:40:52.458560	demo	170	-1	explicit
2025-09-21T13:40:53.402883	demo	926	-1	explicit
2025-09-21T13:40:54.382184	demo	251	-1	explicit
2025-09-21T13:40:55.375102	demo	315	-1	explicit
2025-09-21T13:40:56.576606	demo	397	-1	explicit
2025-09-21T13:40:57.673687	demo	856	-1	explicit
2025-09-21T13:40:58.611186	demo	1783	-1	explicit
2025-09-21T13:40:59.604807	demo	830	1	explicit
2025-09-21T13:41:00.534843	demo	162	1	explicit
2025-09-21T13:41:01.660353	demo	699	1	explicit
2025-09-21T13:41:02.764300	demo	784	-1	explicit
2025-09-21T13:41:04.843237	demo	1742	-1	explicit
